lake,year,water_area_ha
ALL,2022,844.766995613
ALL,2023,842.8461989589999
ALL,2024,839.480113269
ALL,2025,840.1785122169999
ALL,2026,835.4638051979999
