observation_year,Powai
1973.0,1.264556
2014.0,0.963217
