lake,year,water_area_ha
ALL,2022.0,6.669489279318417
ALL,2023.0,6.8896277924900415
ALL,2024.0,6.881279682973226
ALL,2025.0,6.946472716303806
ALL,2026.0,6.34330369770424
